# FILENAME,z_Forbidden_narrow
../WISEAGN/Spectra/spec-0706-52199-0101.fits,0.21887694393732152
../WISEAGN/Spectra/spec-0295-51985-0593.fits,0.1382543228390624
../WISEAGN/Spectra/spec-0664-52174-0541.fits,0.0514286757420909
../WISEAGN/Spectra/spec-2510-53877-0289.fits,0.15631566565923688
../WISEAGN/Spectra/spec-0518-52282-0010.fits,0.15096129324765453
../WISEAGN/Spectra/spec-2356-53786-0618.fits,0.16326586019386918
../WISEAGN/Spectra/spec-3647-55181-0516.fits,0.45768247746394625
../WISEAGN/Spectra/spec-1755-53386-0386.fits,0.12360189281743823
../WISEAGN/Spectra/spec-2522-54570-0639.fits,0.17191583226827925
../WISEAGN/Spectra/spec-0877-52353-0483.fits,0.15256021648995388
../WISEAGN/Spectra/spec-1171-52753-0560.fits,0.21541505828150792
../WISEAGN/Spectra/spec-0441-51868-0154.fits,0.21823354355534777
../WISEAGN/Spectra/spec-1949-53433-0427.fits,0.0817713033564652
../WISEAGN/Spectra/spec-0696-52209-0386.fits,0.1810657219110594
../WISEAGN/Spectra/spec-2371-53762-0245.fits,0.06294272282350233
../WISEAGN/Spectra/spec-3615-56219-0514.fits,0.45736473133887157
../WISEAGN/Spectra/spec-2747-54233-0557.fits,0.12361314326731575
../WISEAGN/Spectra/spec-0915-52443-0009.fits,0.055339152222102214
../WISEAGN/Spectra/spec-4554-56193-0654.fits,0.12053061680859119
../WISEAGN/Spectra/spec-0326-52375-0042.fits,0.19807256899883677
../WISEAGN/Spectra/spec-0393-51794-0025.fits,0.1476221994497089
../WISEAGN/Spectra/spec-0854-52373-0621.fits,0.1879742300331198
../WISEAGN/Spectra/spec-0791-52347-0596.fits,0.14368115526785485
../WISEAGN/Spectra/spec-1314-53050-0204.fits,0.14828114852628557
../WISEAGN/Spectra/spec-1366-53063-0512.fits,0.11944977649700339
../WISEAGN/Spectra/spec-0795-52378-0433.fits,0.17488994461050936
../WISEAGN/Spectra/spec-1957-53415-0573.fits,0.1654487181052743
../WISEAGN/Spectra/spec-1722-53852-0175.fits,0.16120886514304028
../WISEAGN/Spectra/spec-1051-52468-0123.fits,0.356522944101976
../WISEAGN/Spectra/spec-1285-52723-0302.fits,0.08754446186690056
../WISEAGN/Spectra/spec-1591-52976-0126.fits,0.19548082923563354
../WISEAGN/Spectra/spec-1233-52734-0438.fits,0.16630284119746147
../WISEAGN/Spectra/spec-6647-56390-0298.fits,0.2812286914578501
../WISEAGN/Spectra/spec-0989-52468-0176.fits,0.18770503406260994
../WISEAGN/Spectra/spec-0360-51816-0312.fits,0.23030485343434517
../WISEAGN/Spectra/spec-2790-54555-0362.fits,0.1164698917204592
../WISEAGN/Spectra/spec-4373-55811-0379.fits,0.21572665262398882
../WISEAGN/Spectra/spec-0380-51792-0565.fits,0.18169833464781535
../WISEAGN/Spectra/spec-1812-53795-0343.fits,0.2220494853675132
../WISEAGN/Spectra/spec-0671-52206-0475.fits,0.45746790363353684
../WISEAGN/Spectra/spec-2587-54138-0565.fits,0.06949554193059616
../WISEAGN/Spectra/spec-2360-53728-0201.fits,0.12785536536253056
../WISEAGN/Spectra/spec-1841-53491-0015.fits,0.21514277540809193
../WISEAGN/Spectra/spec-0814-52443-0586.fits,0.1993599496094782
../WISEAGN/Spectra/spec-1813-53903-0162.fits,0.14565650986748827
../WISEAGN/Spectra/spec-1019-52707-0393.fits,0.13563342452024885
../WISEAGN/Spectra/spec-0513-51989-0159.fits,0.13837243141676883
../WISEAGN/Spectra/spec-2297-53738-0330.fits,0.0896925725728015
../WISEAGN/Spectra/spec-0406-52238-0207.fits,0.28998470814756877
../WISEAGN/Spectra/spec-1718-53850-0407.fits,0.2269453902267898
../WISEAGN/Spectra/spec-1338-52765-0485.fits,0.07552791457182002
../WISEAGN/Spectra/spec-1420-53146-0131.fits,0.1781539343384482
../WISEAGN/Spectra/spec-1821-53167-0492.fits,0.06875948767730988
../WISEAGN/Spectra/spec-1293-52765-0031.fits,0.13459981931257733
../WISEAGN/Spectra/spec-0518-52282-0094.fits,0.2391537360027277
../WISEAGN/Spectra/spec-2165-53917-0223.fits,0.08866662089206043
../WISEAGN/Spectra/spec-0621-52055-0031.fits,0.14612601932789648
../WISEAGN/Spectra/spec-0820-52433-0314.fits,0.14427956439950984
../WISEAGN/Spectra/spec-0640-52200-0078.fits,0.18390077049974407
../WISEAGN/Spectra/spec-1313-52790-0429.fits,0.14947447619704562
../WISEAGN/Spectra/spec-1013-52707-0379.fits,0.10303964178944462
../WISEAGN/Spectra/spec-1567-53172-0409.fits,0.047421327707604835
../WISEAGN/Spectra/spec-0314-51641-0390.fits,0.07242164158594898
../WISEAGN/Spectra/spec-6392-56331-0869.fits,0.2182852460709177
../WISEAGN/Spectra/spec-0291-51928-0417.fits,0.08371304957220803
../WISEAGN/Spectra/spec-1420-53146-0359.fits,0.11767629695609405
../WISEAGN/Spectra/spec-1021-52460-0387.fits,0.08355992926800257
../WISEAGN/Spectra/spec-6382-56365-0155.fits,0.11282134740222334
../WISEAGN/Spectra/spec-1403-53227-0302.fits,0.12583054773556696
../WISEAGN/Spectra/spec-1818-54539-0067.fits,0.1830152826808454
../WISEAGN/Spectra/spec-1405-52826-0554.fits,0.12190691123408497
../WISEAGN/Spectra/spec-2509-54180-0303.fits,0.09618769364187534
../WISEAGN/Spectra/spec-0770-52282-0366.fits,0.20476595158787364
../WISEAGN/Spectra/spec-0437-51869-0577.fits,0.19652330186820505
../WISEAGN/Spectra/spec-1727-53859-0597.fits,0.12065931452079161
../WISEAGN/Spectra/spec-6161-56238-0240.fits,0.17578158272789138
../WISEAGN/Spectra/spec-0749-52226-0271.fits,0.1956715550117763
../WISEAGN/Spectra/spec-2491-53855-0433.fits,0.09533005599080223
../WISEAGN/Spectra/spec-3131-54731-0160.fits,0.19565879755368767
../WISEAGN/Spectra/spec-6398-56356-0868.fits,0.11646401613344527
../WISEAGN/Spectra/spec-2267-53713-0307.fits,0.11198082876805385
../WISEAGN/Spectra/spec-0766-52247-0485.fits,0.2159827170139682
../WISEAGN/Spectra/spec-1985-53431-0556.fits,0.18999521737342387
../WISEAGN/Spectra/spec-0847-52426-0632.fits,0.22617827562666745
../WISEAGN/Spectra/spec-0566-52238-0185.fits,0.15874392745018448
../WISEAGN/Spectra/spec-4668-56211-0033.fits,0.4700440276583072
../WISEAGN/Spectra/spec-1802-53885-0310.fits,0.07408087718919125
../WISEAGN/Spectra/spec-0704-52205-0099.fits,0.17995482576573793
../WISEAGN/Spectra/spec-0901-52641-0074.fits,0.185176896050499
../WISEAGN/Spectra/spec-2376-53770-0360.fits,0.02396474705015429
../WISEAGN/Spectra/spec-0998-52750-0507.fits,0.08649267591079608
../WISEAGN/Spectra/spec-2514-53882-0294.fits,0.17595741734532255
../WISEAGN/Spectra/spec-1278-52735-0378.fits,0.22713076522071887
../WISEAGN/Spectra/spec-0334-51993-0346.fits,0.1989640079177649
../WISEAGN/Spectra/spec-1221-52751-0185.fits,0.19341185633855737
../WISEAGN/Spectra/spec-0401-51788-0562.fits,0.18137021127248085
../WISEAGN/Spectra/spec-0873-52674-0582.fits,0.02337883556018966
../WISEAGN/Spectra/spec-1189-52668-0446.fits,0.2433656367051028
../WISEAGN/Spectra/spec-1978-53473-0576.fits,0.12089119496059912
../WISEAGN/Spectra/spec-0527-52342-0577.fits,0.3196925172713766
../WISEAGN/Spectra/spec-0412-51942-0470.fits,0.09867831458642488
../WISEAGN/Spectra/spec-1614-53120-0610.fits,0.16396803613753252
../WISEAGN/Spectra/spec-2086-53401-0149.fits,0.23170286624568695
../WISEAGN/Spectra/spec-0654-52146-0024.fits,0.18724389126730678
../WISEAGN/Spectra/spec-1013-52707-0124.fits,0.14223541037245332
../WISEAGN/Spectra/spec-0350-51691-0263.fits,0.0898715305790825
../WISEAGN/Spectra/spec-0397-51794-0484.fits,0.25432756582887706
../WISEAGN/Spectra/spec-0919-52409-0618.fits,0.13875192472941866
../WISEAGN/Spectra/spec-2136-53494-0474.fits,0.10773634421490727
../WISEAGN/Spectra/spec-2031-53848-0245.fits,0.1268992457037871
../WISEAGN/Spectra/spec-0951-52398-0410.fits,0.26388498698179436
../WISEAGN/Spectra/spec-0703-52209-0285.fits,0.04189008773639029
../WISEAGN/Spectra/spec-0498-51973-0138.fits,0.1459377800011566
../WISEAGN/Spectra/spec-0330-52370-0304.fits,0.13101517358852044
../WISEAGN/Spectra/spec-2293-53730-0577.fits,0.15216440246938773
../WISEAGN/Spectra/spec-1591-52976-0471.fits,0.050037376201188276
../WISEAGN/Spectra/spec-0937-52707-0428.fits,0.2244551198513862
../WISEAGN/Spectra/spec-0435-51882-0149.fits,0.14895202896456977
../WISEAGN/Spectra/spec-1649-53149-0250.fits,0.16124415535886594
../WISEAGN/Spectra/spec-5999-56089-0024.fits,0.07392455333518123
../WISEAGN/Spectra/spec-1776-53858-0050.fits,0.1758593601683976
../WISEAGN/Spectra/spec-2242-54153-0191.fits,0.19334731415040124
../WISEAGN/Spectra/spec-1584-52943-0501.fits,0.26930864824321565
../WISEAGN/Spectra/spec-1594-52992-0636.fits,0.12002434108833684
../WISEAGN/Spectra/spec-1328-52786-0557.fits,0.10434489713866499
../WISEAGN/Spectra/spec-0759-52254-0199.fits,0.07774935634043247
../WISEAGN/Spectra/spec-2588-54174-0385.fits,0.1251391471834795
../WISEAGN/Spectra/spec-2126-53794-0122.fits,0.23257351410940527
../WISEAGN/Spectra/spec-1277-52765-0287.fits,0.10741460418858569
../WISEAGN/Spectra/spec-0814-52370-0592.fits,0.19933131682374458
../WISEAGN/Spectra/spec-0363-51989-0387.fits,0.07239455766982007
../WISEAGN/Spectra/spec-0287-52023-0070.fits,0.157611798206483
../WISEAGN/Spectra/spec-1314-52792-0220.fits,0.14826851860642226
../WISEAGN/Spectra/spec-0359-51821-0512.fits,0.23033176486111603
../WISEAGN/Spectra/spec-1643-53143-0065.fits,0.2254797607095598
../WISEAGN/Spectra/spec-0873-52674-0329.fits,0.22275498287331574
../WISEAGN/Spectra/spec-1019-52707-0620.fits,0.17624705660404907
../WISEAGN/Spectra/spec-1743-53054-0447.fits,0.13109079742342644
../WISEAGN/Spectra/spec-0773-52376-0301.fits,0.13994229145046516
../WISEAGN/Spectra/spec-0412-52254-0479.fits,0.09866555430926027
../WISEAGN/Spectra/spec-0825-52289-0221.fits,0.24653381397956212
../WISEAGN/Spectra/spec-4955-55750-0665.fits,0.10334463941166676
../WISEAGN/Spectra/spec-1386-53116-0295.fits,0.1465820797796746
../WISEAGN/Spectra/spec-0485-51909-0255.fits,0.2701851824165485
../WISEAGN/Spectra/spec-0602-52072-0335.fits,0.102049479681167
../WISEAGN/Spectra/spec-0697-52226-0012.fits,0.3644662495465261
../WISEAGN/Spectra/spec-1297-52963-0001.fits,0.17210102193598598
../WISEAGN/Spectra/spec-0753-52233-0575.fits,0.11102742714839028
../WISEAGN/Spectra/spec-6665-56390-0030.fits,0.31297494928934605
../WISEAGN/Spectra/spec-7563-56810-0175.fits,0.4070130375142472
../WISEAGN/Spectra/spec-5339-55922-0827.fits,0.4648603367916876
../WISEAGN/Spectra/spec-5341-55931-0455.fits,0.46395661139134653
../WISEAGN/Spectra/spec-0756-52577-0188.fits,0.2736193567722969
../WISEAGN/Spectra/spec-1625-53140-0086.fits,0.1619172970188901
../WISEAGN/Spectra/spec-0636-52176-0537.fits,0.0702178498426264
../WISEAGN/Spectra/spec-5397-55944-0782.fits,0.29675747682199594
../WISEAGN/Spectra/spec-0402-51793-0423.fits,0.27989889696797604
../WISEAGN/Spectra/spec-0300-51943-0557.fits,0.20065412584043327
../WISEAGN/Spectra/spec-6623-56367-0286.fits,0.3260265700473621
../WISEAGN/Spectra/spec-2131-53819-0582.fits,0.07861927862157919
../WISEAGN/Spectra/spec-2230-53799-0275.fits,0.1442432855985177
../WISEAGN/Spectra/spec-0432-51884-0494.fits,0.17778366769931603
../WISEAGN/Spectra/spec-2664-54524-0264.fits,0.104925395550361
../WISEAGN/Spectra/spec-0960-52425-0255.fits,0.13809697234282975
../WISEAGN/Spectra/spec-1305-52757-0509.fits,0.20234001997830556
../WISEAGN/Spectra/spec-2219-53816-0130.fits,0.10521080386627353
../WISEAGN/Spectra/spec-0939-52636-0400.fits,0.1590367445983724
../WISEAGN/Spectra/spec-2489-53857-0154.fits,0.14084751993863806
../WISEAGN/Spectra/spec-5903-56064-0895.fits,0.42823029288356385
../WISEAGN/Spectra/spec-0609-52339-0420.fits,0.12993793742554538
../WISEAGN/Spectra/spec-1190-52670-0224.fits,0.07781829656271852
../WISEAGN/Spectra/spec-2954-54561-0434.fits,0.09045884880996292
../WISEAGN/Spectra/spec-0875-52354-0171.fits,0.09954512334761782
../WISEAGN/Spectra/spec-1394-53108-0294.fits,0.06593239152511897
../WISEAGN/Spectra/spec-0285-51663-0295.fits,0.08606740109530567
../WISEAGN/Spectra/spec-2529-54585-0305.fits,0.0631791342193768
../WISEAGN/Spectra/spec-0570-52266-0048.fits,0.11800203465357609
../WISEAGN/Spectra/spec-6506-56564-0757.fits,0.12756378035334615
../WISEAGN/Spectra/spec-0437-51876-0579.fits,0.19653199385961553
../WISEAGN/Spectra/spec-0959-52411-0450.fits,0.09952960385028235
../WISEAGN/Spectra/spec-1193-52652-0044.fits,0.1426992584354852
../WISEAGN/Spectra/spec-1613-53115-0116.fits,0.1523751163099366
../WISEAGN/Spectra/spec-2437-53848-0540.fits,0.17163657215313216
../WISEAGN/Spectra/spec-1059-52592-0560.fits,0.1219365639852442
../WISEAGN/Spectra/spec-0451-51908-0632.fits,0.20516224106495762
../WISEAGN/Spectra/spec-0814-52443-0453.fits,0.15362360338724604
../WISEAGN/Spectra/spec-1265-52705-0465.fits,0.0979989440729332
../WISEAGN/Spectra/spec-0273-51957-0135.fits,0.08651741842507638
../WISEAGN/Spectra/spec-0468-51912-0305.fits,0.1623303882561991
../WISEAGN/Spectra/spec-2085-53379-0517.fits,0.1137918219790384
../WISEAGN/Spectra/spec-2650-54505-0119.fits,0.06719932980099556
../WISEAGN/Spectra/spec-1209-52674-0348.fits,0.2522272768591219
../WISEAGN/Spectra/spec-0491-51942-0510.fits,0.13250497327446054
../WISEAGN/Spectra/spec-0502-51957-0468.fits,0.09524813986865627
../WISEAGN/Spectra/spec-2514-53882-0281.fits,0.2381182428988292
../WISEAGN/Spectra/spec-1628-53474-0329.fits,0.15759340402750566
../WISEAGN/Spectra/spec-1229-52723-0544.fits,0.196642694243764
../WISEAGN/Spectra/spec-0480-51989-0591.fits,0.11669215462022346
../WISEAGN/Spectra/spec-1614-53120-0197.fits,0.16574359854357723
../WISEAGN/Spectra/spec-1172-52759-0060.fits,0.18811466267831778
../WISEAGN/Spectra/spec-1274-52995-0142.fits,0.14170091560616624
../WISEAGN/Spectra/spec-2774-54534-0403.fits,0.08911378448487775
../WISEAGN/Spectra/spec-0913-52433-0407.fits,0.1781794635040498
../WISEAGN/Spectra/spec-0543-52017-0547.fits,0.17931070901779758
../WISEAGN/Spectra/spec-4790-55888-0996.fits,0.18187019336705848
../WISEAGN/Spectra/spec-2136-53494-0072.fits,0.307493184053674
../WISEAGN/Spectra/spec-1270-52991-0420.fits,0.17187259642894315
../WISEAGN/Spectra/spec-2205-53793-0266.fits,0.13317351368638705
../WISEAGN/Spectra/spec-2089-53498-0161.fits,0.10151571899208588
../WISEAGN/Spectra/spec-0992-52644-0273.fits,0.1692787850593826
../WISEAGN/Spectra/spec-0299-51671-0222.fits,0.02233101083940445
../WISEAGN/Spectra/spec-2782-54592-0070.fits,0.0706458689737106
../WISEAGN/Spectra/spec-2242-54153-0084.fits,0.1581165035422037
../WISEAGN/Spectra/spec-5896-56047-0079.fits,0.3566499634578062
../WISEAGN/Spectra/spec-3615-55856-0506.fits,0.4578418823777767
../WISEAGN/Spectra/spec-0393-51794-0577.fits,0.16661284722655664
../WISEAGN/Spectra/spec-1407-52886-0413.fits,0.21780663302059633
../WISEAGN/Spectra/spec-0409-51871-0341.fits,0.1780907608961272
../WISEAGN/Spectra/spec-6392-56331-0870.fits,0.191069398374816
../WISEAGN/Spectra/spec-2612-54480-0078.fits,0.14148466283473424
../WISEAGN/Spectra/spec-0276-51909-0283.fits,0.2551898525046689
../WISEAGN/Spectra/spec-0638-52081-0149.fits,0.20546652361920734
../WISEAGN/Spectra/spec-2484-54144-0071.fits,0.15893965513519473
../WISEAGN/Spectra/spec-0814-52355-0592.fits,0.19939863896694918
../WISEAGN/Spectra/spec-1707-53885-0587.fits,0.2774281552715262
../WISEAGN/Spectra/spec-7259-56603-0432.fits,0.11988166827599546
../WISEAGN/Spectra/spec-1234-52724-0135.fits,0.1768795864385502
../WISEAGN/Spectra/spec-0393-51794-0253.fits,0.17631595400847444
../WISEAGN/Spectra/spec-1614-53120-0300.fits,0.09357875042504145
../WISEAGN/Spectra/spec-0675-52590-0343.fits,0.43793120286268344
../WISEAGN/Spectra/spec-1618-53116-0173.fits,0.10288960000821117
../WISEAGN/Spectra/spec-1012-52649-0171.fits,0.15758732888644592
../WISEAGN/Spectra/spec-2364-53737-0554.fits,0.1990937072067891
../WISEAGN/Spectra/spec-0922-52426-0236.fits,0.2122081161091916
../WISEAGN/Spectra/spec-1694-53472-0374.fits,0.17504296103921146
../WISEAGN/Spectra/spec-0450-51908-0078.fits,0.12324101183864046
../WISEAGN/Spectra/spec-1778-53883-0421.fits,0.18118874586650544
../WISEAGN/Spectra/spec-0581-52356-0211.fits,0.24252007235865228
../WISEAGN/Spectra/spec-0901-52641-0158.fits,0.16920023499853154
../WISEAGN/Spectra/spec-5772-56003-0165.fits,0.7970239962368738
../WISEAGN/Spectra/spec-1049-52751-0596.fits,0.08984676954054335
../WISEAGN/Spectra/spec-5958-56213-0784.fits,0.10175840137110838
../WISEAGN/Spectra/spec-0481-51908-0483.fits,0.11947224439278044
../WISEAGN/Spectra/spec-0283-51660-0424.fits,0.10778122123037372
../WISEAGN/Spectra/spec-2017-53474-0639.fits,0.462519808490492
../WISEAGN/Spectra/spec-2114-53848-0064.fits,0.06690355794846096
../WISEAGN/Spectra/spec-0285-51930-0300.fits,0.08607324920029293
../WISEAGN/Spectra/spec-2329-53725-0536.fits,0.010067738592263762
../WISEAGN/Spectra/spec-1733-53047-0527.fits,0.17122191430482517
../WISEAGN/Spectra/spec-2198-53918-0545.fits,0.22862766220817557
../WISEAGN/Spectra/spec-5649-55912-0282.fits,0.1009550998941998
../WISEAGN/Spectra/spec-2952-54559-0540.fits,0.11132012599476951
../WISEAGN/Spectra/spec-0499-51988-0154.fits,0.12645777210447517
../WISEAGN/Spectra/spec-6147-56239-0128.fits,0.12664405764672307
../WISEAGN/Spectra/spec-1824-53491-0190.fits,0.11485259349965013
../WISEAGN/Spectra/spec-0830-52293-0375.fits,0.13787669493066965
../WISEAGN/Spectra/spec-6154-56237-0398.fits,0.773074801877364
../WISEAGN/Spectra/spec-2598-54232-0567.fits,0.16687188608843487
../WISEAGN/Spectra/spec-1756-53080-0296.fits,0.2699554780883933
../WISEAGN/Spectra/spec-2201-53904-0334.fits,0.1516207100798954
../WISEAGN/Spectra/spec-1672-53460-0363.fits,0.18577586238537208
../WISEAGN/Spectra/spec-0554-52000-0241.fits,0.2551838009961461
../WISEAGN/Spectra/spec-2116-53854-0624.fits,0.2905689331580111
../WISEAGN/Spectra/spec-0814-52370-0460.fits,0.1536280915946805
../WISEAGN/Spectra/spec-2527-54569-0346.fits,0.4528800486479569
../WISEAGN/Spectra/spec-1406-52876-0351.fits,0.15830043906791524
../WISEAGN/Spectra/spec-1580-53145-0418.fits,0.1258282335907054
../WISEAGN/Spectra/spec-4457-55858-0604.fits,0.3361760228857625
../WISEAGN/Spectra/spec-1272-52989-0589.fits,0.176086883752932
../WISEAGN/Spectra/spec-0756-52237-0161.fits,0.27358638875157815
../WISEAGN/Spectra/spec-1984-53433-0547.fits,0.09647676815385815
../WISEAGN/Spectra/spec-1436-53054-0523.fits,0.1495135887849022
../WISEAGN/Spectra/spec-2755-54507-0139.fits,0.06690508750596603
../WISEAGN/Spectra/spec-0776-52319-0495.fits,0.21193676797844202
../WISEAGN/Spectra/spec-2113-53468-0059.fits,0.1256471626952285
../WISEAGN/Spectra/spec-2269-53711-0297.fits,0.1175045000409753
../WISEAGN/Spectra/spec-0884-52374-0321.fits,0.19713461223070797
../WISEAGN/Spectra/spec-0336-51999-0433.fits,0.23651131137181003
../WISEAGN/Spectra/spec-0820-52438-0308.fits,0.14426319449408306
../WISEAGN/Spectra/spec-1336-52759-0201.fits,0.1869611828957174
../WISEAGN/Spectra/spec-6385-56356-0171.fits,0.18232922682513966
../WISEAGN/Spectra/spec-0338-51694-0246.fits,0.31951530703371117
../WISEAGN/Spectra/spec-2594-54177-0506.fits,0.1361747417293128
../WISEAGN/Spectra/spec-0339-51692-0622.fits,0.13848529484254504
../WISEAGN/Spectra/spec-1699-53148-0067.fits,0.1324610021757371
../WISEAGN/Spectra/spec-1311-52765-0581.fits,0.39599852493515986
../WISEAGN/Spectra/spec-0444-51883-0019.fits,0.18991516068155553
../WISEAGN/Spectra/spec-1226-52734-0227.fits,0.22165318646997328
../WISEAGN/Spectra/spec-1849-53846-0205.fits,0.0902075839847235
../WISEAGN/Spectra/spec-2533-54585-0230.fits,0.1905311217974254
../WISEAGN/Spectra/spec-1237-52762-0291.fits,0.09824169221684086
../WISEAGN/Spectra/spec-7259-56603-0474.fits,0.18505591080211428
../WISEAGN/Spectra/spec-5902-56042-0514.fits,0.4282104259744474
../WISEAGN/Spectra/spec-2289-53708-0163.fits,0.1951952260399608
../WISEAGN/Spectra/spec-5783-56017-0255.fits,0.5663851630333404
../WISEAGN/Spectra/spec-0941-52709-0474.fits,0.1291659060833292
../WISEAGN/Spectra/spec-0277-51908-0536.fits,0.12058265088541867
../WISEAGN/Spectra/spec-2119-53792-0576.fits,0.05826254687636378
../WISEAGN/Spectra/spec-1959-53440-0605.fits,0.17601506702746128
../WISEAGN/Spectra/spec-6380-56340-0774.fits,0.2644868990026622
../WISEAGN/Spectra/spec-8199-57428-0845.fits,0.14998488911926677
../WISEAGN/Spectra/spec-2144-53770-0018.fits,0.1169758125910141
../WISEAGN/Spectra/spec-0755-52235-0579.fits,0.28050082712122554
../WISEAGN/Spectra/spec-1941-53386-0249.fits,0.16222610748323765
../WISEAGN/Spectra/spec-2132-53493-0124.fits,0.17195536249524546
../WISEAGN/Spectra/spec-4607-56248-0309.fits,0.5386279475793881
../WISEAGN/Spectra/spec-4358-55833-0821.fits,0.461100220202588
../WISEAGN/Spectra/spec-0616-52442-0336.fits,0.16689823088431072
../WISEAGN/Spectra/spec-2766-54242-0072.fits,0.08302552065288994
../WISEAGN/Spectra/spec-4294-55500-0201.fits,0.06918623564656448
../WISEAGN/Spectra/spec-0332-52367-0134.fits,0.1857795513667157
../WISEAGN/Spectra/spec-0615-52347-0085.fits,0.16031147180358687
../WISEAGN/Spectra/spec-1717-53883-0639.fits,0.11585398582058196
../WISEAGN/Spectra/spec-1408-52822-0631.fits,0.11557349698303113
../WISEAGN/Spectra/spec-2529-54585-0515.fits,0.15895812036225954
../WISEAGN/Spectra/spec-2947-54533-0338.fits,0.12635301215438824
../WISEAGN/Spectra/spec-5320-55999-0831.fits,0.538409180947324
../WISEAGN/Spectra/spec-0406-51817-0219.fits,0.2899570826783357
../WISEAGN/Spectra/spec-0689-52262-0306.fits,0.10713740674154111
../WISEAGN/Spectra/spec-0496-51988-0420.fits,0.20789323639100935
../WISEAGN/Spectra/spec-2588-54174-0358.fits,0.21920740422185286
../WISEAGN/Spectra/spec-2033-53476-0199.fits,0.0914454977966179
../WISEAGN/Spectra/spec-2953-54560-0007.fits,0.1290445093758692
../WISEAGN/Spectra/spec-0700-52199-0344.fits,0.2797828638740545
../WISEAGN/Spectra/spec-1278-52735-0118.fits,0.20888664150932132
../WISEAGN/Spectra/spec-1843-53816-0555.fits,0.15888403994190883
../WISEAGN/Spectra/spec-1106-52912-0471.fits,0.1570294133973799
../WISEAGN/Spectra/spec-0412-52235-0472.fits,0.09867316565966017
../WISEAGN/Spectra/spec-2103-53467-0531.fits,0.19247543275338408
../WISEAGN/Spectra/spec-5966-56101-0825.fits,0.19808217278016588
../WISEAGN/Spectra/spec-1174-52782-0350.fits,0.21168788293026244
../WISEAGN/Spectra/spec-0560-52296-0123.fits,0.11802829253896864
../WISEAGN/Spectra/spec-1714-53521-0247.fits,0.08103459445665241
../WISEAGN/Spectra/spec-0412-52258-0472.fits,0.09866072406877174
../WISEAGN/Spectra/spec-1174-52782-0198.fits,0.18078863087748093
../WISEAGN/Spectra/spec-1601-53115-0223.fits,0.30579728159226266
../WISEAGN/Spectra/spec-2513-54141-0542.fits,0.13822575819044158
../WISEAGN/Spectra/spec-1730-53498-0310.fits,0.3376987620033011
../WISEAGN/Spectra/spec-0575-52319-0521.fits,0.03350290529455404
../WISEAGN/Spectra/spec-1379-53063-0608.fits,0.08191712166386143
../WISEAGN/Spectra/spec-1425-52913-0297.fits,0.1893470633193139
../WISEAGN/Spectra/spec-1419-53144-0207.fits,0.19871753263609346
../WISEAGN/Spectra/spec-0980-52431-0616.fits,0.14535694430700433
../WISEAGN/Spectra/spec-1307-52999-0322.fits,0.16227670519306836
../WISEAGN/Spectra/spec-6828-56430-0706.fits,0.4446890849973857
../WISEAGN/Spectra/spec-1361-53047-0036.fits,0.19931659722200876
../WISEAGN/Spectra/spec-0288-52000-0088.fits,0.11842187620319902
../WISEAGN/Spectra/spec-2224-53815-0242.fits,0.11265509918208111
../WISEAGN/Spectra/spec-0313-51673-0561.fits,0.12860200412549652
../WISEAGN/Spectra/spec-0626-52057-0226.fits,0.1701000203559837
../WISEAGN/Spectra/spec-0916-52378-0547.fits,0.38046689040079706
../WISEAGN/Spectra/spec-0284-51662-0417.fits,0.19533226135177464
../WISEAGN/Spectra/spec-1927-53321-0525.fits,0.17304794173650023
../WISEAGN/Spectra/spec-0502-51957-0240.fits,0.14399801369671092
../WISEAGN/Spectra/spec-0568-52254-0239.fits,0.1802614836622324
../WISEAGN/Spectra/spec-0518-52282-0024.fits,0.15899386302489027
../WISEAGN/Spectra/spec-1950-53436-0106.fits,0.13410909706882787
../WISEAGN/Spectra/spec-4316-55505-0561.fits,0.7024402080752329
../WISEAGN/Spectra/spec-6042-56101-0339.fits,0.29769004993682424
../WISEAGN/Spectra/spec-2103-53467-0535.fits,0.10720236039300264
../WISEAGN/Spectra/spec-1984-53433-0504.fits,0.13382875268126676
../WISEAGN/Spectra/spec-1997-53442-0560.fits,0.197019944388224
../WISEAGN/Spectra/spec-1325-52762-0090.fits,0.20004607682723433
../WISEAGN/Spectra/spec-2268-53682-0278.fits,0.13451166866394257
../WISEAGN/Spectra/spec-0360-51780-0312.fits,0.2303183126379957
../WISEAGN/Spectra/spec-1435-52996-0119.fits,0.1942250916197098
../WISEAGN/Spectra/spec-5407-55926-0805.fits,0.4666732571547755
../WISEAGN/Spectra/spec-0842-52376-0416.fits,0.13704407026950427
../WISEAGN/Spectra/spec-4658-55592-0859.fits,0.05694870809684082
../WISEAGN/Spectra/spec-2144-53770-0331.fits,0.10466001473006273
../WISEAGN/Spectra/spec-1063-52591-0504.fits,0.17227848641025642
../WISEAGN/Spectra/spec-5410-56016-0303.fits,0.07320223922646703
../WISEAGN/Spectra/spec-1008-52707-0035.fits,0.1417407681663673
../WISEAGN/Spectra/spec-1348-53084-0445.fits,0.21119721828533117
../WISEAGN/Spectra/spec-2115-53535-0414.fits,0.05733616923388619
../WISEAGN/Spectra/spec-2367-53763-0508.fits,0.11467510603713883
../WISEAGN/Spectra/spec-2088-53493-0266.fits,0.07356418080076978
../WISEAGN/Spectra/spec-6176-56264-0298.fits,0.10080881599952271
../WISEAGN/Spectra/spec-0786-52319-0207.fits,0.13809583090951674
../WISEAGN/Spectra/spec-0409-51871-0351.fits,0.20208684708235647
../WISEAGN/Spectra/spec-0504-52316-0290.fits,0.09818769144739078
../WISEAGN/Spectra/spec-0777-52320-0299.fits,0.10442607355136925
../WISEAGN/Spectra/spec-2947-54533-0573.fits,0.1299109908262818
../WISEAGN/Spectra/spec-1317-52765-0098.fits,0.26678143494716716
../WISEAGN/Spectra/spec-0292-51609-0566.fits,0.12683668240943624
../WISEAGN/Spectra/spec-0418-51884-0300.fits,0.10097670438986867
../WISEAGN/Spectra/spec-0760-52264-0358.fits,0.10602628846611088
../WISEAGN/Spectra/spec-0759-52254-0074.fits,0.5691222259661334
../WISEAGN/Spectra/spec-2358-53797-0377.fits,0.1448272496856603
../WISEAGN/Spectra/spec-0985-52431-0228.fits,0.09498224048974793
../WISEAGN/Spectra/spec-2030-53499-0615.fits,0.19764369491281703
../WISEAGN/Spectra/spec-0915-52443-0210.fits,0.17661476412906393
../WISEAGN/Spectra/spec-0375-52140-0229.fits,0.19831528969964576
../WISEAGN/Spectra/spec-1381-53089-0519.fits,0.16900171228806665
../WISEAGN/Spectra/spec-1830-54560-0553.fits,0.09260706337802946
../WISEAGN/Spectra/spec-5980-56338-0940.fits,0.46421004279374195
../WISEAGN/Spectra/spec-2343-53735-0108.fits,0.2442502924952915
../WISEAGN/Spectra/spec-0331-52368-0439.fits,0.08803570997932961
../WISEAGN/Spectra/spec-1984-53433-0442.fits,0.19129708596747677
../WISEAGN/Spectra/spec-7088-56657-0705.fits,0.4291385211165931
../WISEAGN/Spectra/spec-0981-52435-0116.fits,0.14348764784379076
../WISEAGN/Spectra/spec-1767-53436-0037.fits,0.2078074782507897
../WISEAGN/Spectra/spec-1645-53172-0406.fits,0.15189906564247527
../WISEAGN/Spectra/spec-0959-52411-0235.fits,0.07342349601792819
../WISEAGN/Spectra/spec-2284-53708-0116.fits,0.12013835647470472
../WISEAGN/Spectra/spec-6725-56390-0045.fits,0.4263329052504757
../WISEAGN/Spectra/spec-1938-53379-0244.fits,0.18027291885828128
../WISEAGN/Spectra/spec-0843-52378-0362.fits,0.20118566098963026
../WISEAGN/Spectra/spec-1618-53116-0572.fits,0.15227523666723833
../WISEAGN/Spectra/spec-0283-51959-0432.fits,0.1079021128528924
../WISEAGN/Spectra/spec-1835-54563-0181.fits,0.2542452979548814
../WISEAGN/Spectra/spec-7236-56605-0148.fits,0.3306073536466364
../WISEAGN/Spectra/spec-2533-54585-0020.fits,0.23434283235965234
../WISEAGN/Spectra/spec-0881-52368-0621.fits,0.11834204662206181
../WISEAGN/Spectra/spec-1239-52760-0572.fits,0.10792724848959455
../WISEAGN/Spectra/spec-0585-52027-0315.fits,0.16689924789449903
../WISEAGN/Spectra/spec-0454-51908-0613.fits,0.2618148767840797
../WISEAGN/Spectra/spec-0346-51693-0469.fits,0.16999186876951075
../WISEAGN/Spectra/spec-2100-53713-0151.fits,0.10918538937842143
../WISEAGN/Spectra/spec-0720-52206-0116.fits,0.23475703538378706
../WISEAGN/Spectra/spec-0285-51663-0435.fits,0.07717217964366394
../WISEAGN/Spectra/spec-1666-52991-0048.fits,0.02639817334338056
../WISEAGN/Spectra/spec-0755-52235-0322.fits,0.1545408502796027
../WISEAGN/Spectra/spec-2516-54241-0525.fits,0.22850052234595566
../WISEAGN/Spectra/spec-0592-52025-0624.fits,0.08708174767493644
../WISEAGN/Spectra/spec-7055-56576-0489.fits,0.5809346271657032
../WISEAGN/Spectra/spec-0371-52078-0287.fits,0.16081555328565736
../WISEAGN/Spectra/spec-0891-52584-0523.fits,0.0805830017290716
../WISEAGN/Spectra/spec-0887-52376-0607.fits,0.18369580189807766
../WISEAGN/Spectra/spec-2571-54055-0311.fits,0.11357846639131902
../WISEAGN/Spectra/spec-0524-52027-0034.fits,0.13866447559663525
../WISEAGN/Spectra/spec-2613-54481-0432.fits,0.06206666950621267
../WISEAGN/Spectra/spec-1678-53433-0288.fits,0.24432632295724419
../WISEAGN/Spectra/spec-0665-52168-0512.fits,0.1338451510124231
../WISEAGN/Spectra/spec-0539-52017-0460.fits,0.21592528944982634
../WISEAGN/Spectra/spec-1752-53379-0129.fits,0.1688841758532279
../WISEAGN/Spectra/spec-2494-54174-0129.fits,0.15928690987955801
../WISEAGN/Spectra/spec-0759-52254-0599.fits,0.20384264194230653
../WISEAGN/Spectra/spec-0417-51821-0060.fits,0.10096104260800853
../WISEAGN/Spectra/spec-2498-54169-0590.fits,0.19333616333956055
../WISEAGN/Spectra/spec-2108-53473-0592.fits,0.13902321476035592
../WISEAGN/Spectra/spec-0412-51871-0474.fits,0.09865692195685116
../WISEAGN/Spectra/spec-1849-53846-0466.fits,0.20849593076966796
../WISEAGN/Spectra/spec-3811-55538-0547.fits,0.09725118203700918
../WISEAGN/Spectra/spec-0518-52282-0074.fits,0.21348711584860813
../WISEAGN/Spectra/spec-3615-55445-0504.fits,0.45786739687035266
../WISEAGN/Spectra/spec-3647-55476-0536.fits,0.4577526891372472
../WISEAGN/Spectra/spec-0930-52618-0335.fits,0.126147282094711
../WISEAGN/Spectra/spec-1803-54152-0009.fits,0.19766478513787414
../WISEAGN/Spectra/spec-0493-51957-0087.fits,0.11897935596405457
../WISEAGN/Spectra/spec-6375-56323-0688.fits,0.19394354279517323
../WISEAGN/Spectra/spec-1457-53116-0167.fits,0.3217345293432372
../WISEAGN/Spectra/spec-1715-54212-0556.fits,0.07766763460096117
../WISEAGN/Spectra/spec-1782-53299-0624.fits,0.05521822930256727
../WISEAGN/Spectra/spec-1206-52670-0227.fits,0.2339575850348101
../WISEAGN/Spectra/spec-1654-53498-0362.fits,0.18978347291102438
../WISEAGN/Spectra/spec-0728-52520-0345.fits,0.1665497352330666
../WISEAGN/Spectra/spec-0858-52316-0436.fits,0.10662749247304523
../WISEAGN/Spectra/spec-2532-54589-0595.fits,0.11443518084929757
../WISEAGN/Spectra/spec-7117-56685-0970.fits,0.22515131982239064
../WISEAGN/Spectra/spec-1697-53142-0106.fits,0.19519808944267286
../WISEAGN/Spectra/spec-5373-56010-0131.fits,0.4641480324746901
../WISEAGN/Spectra/spec-1700-53502-0104.fits,0.17186521265531837
../WISEAGN/Spectra/spec-2951-54592-0182.fits,0.1285139181948323
../WISEAGN/Spectra/spec-0978-52431-0082.fits,0.17846616991367564
../WISEAGN/Spectra/spec-0315-51663-0545.fits,0.12070203676146239
../WISEAGN/Spectra/spec-1874-54452-0129.fits,0.14431428394665086
../WISEAGN/Spectra/spec-2024-53503-0168.fits,0.10358286933535069
../WISEAGN/Spectra/spec-2146-54230-0122.fits,0.20621722895305813
../WISEAGN/Spectra/spec-0657-52177-0327.fits,0.09684631051552937
../WISEAGN/Spectra/spec-0990-52465-0065.fits,0.15698869829751536
../WISEAGN/Spectra/spec-0831-52294-0526.fits,0.06565162223841636
../WISEAGN/Spectra/spec-0446-51899-0589.fits,0.13408792622003718
../WISEAGN/Spectra/spec-0342-51691-0510.fits,0.5442057979885792
../WISEAGN/Spectra/spec-2273-53709-0378.fits,0.09814531965055727
../WISEAGN/Spectra/spec-7090-56659-0398.fits,0.17732004449119876
../WISEAGN/Spectra/spec-6742-56415-0730.fits,0.18606515321085249
../WISEAGN/Spectra/spec-1807-54175-0394.fits,0.17859712044763054
../WISEAGN/Spectra/spec-0283-51584-0435.fits,0.10777235802976362
../WISEAGN/Spectra/spec-0912-52427-0279.fits,0.2660596651169277
../WISEAGN/Spectra/spec-0271-51883-0277.fits,0.09473668157723465
../WISEAGN/Spectra/spec-1998-53433-0187.fits,0.10345950270838923
../WISEAGN/Spectra/spec-0833-52314-0246.fits,0.23536223712723212
../WISEAGN/Spectra/spec-0913-52433-0062.fits,0.13911041611722533
../WISEAGN/Spectra/spec-0462-51909-0444.fits,0.08514136510426139
../WISEAGN/Spectra/spec-0726-52226-0387.fits,0.1901600594087268
../WISEAGN/Spectra/spec-2582-54139-0227.fits,0.15996401572853222
../WISEAGN/Spectra/spec-1736-53052-0075.fits,0.19382578350578913
../WISEAGN/Spectra/spec-1363-53053-0582.fits,0.2060713491522599
../WISEAGN/Spectra/spec-0535-51999-0006.fits,0.125362806434953
../WISEAGN/Spectra/spec-2592-54178-0061.fits,0.19385655665649196
../WISEAGN/Spectra/spec-0292-51609-0084.fits,0.19406888615987233
../WISEAGN/Spectra/spec-2160-53885-0462.fits,0.17972871617059075
../WISEAGN/Spectra/spec-2095-53474-0454.fits,0.16463621476315138
../WISEAGN/Spectra/spec-0392-51793-0297.fits,0.09230926683222522
../WISEAGN/Spectra/spec-1683-53436-0312.fits,0.11526014129686428
../WISEAGN/Spectra/spec-7564-56804-0132.fits,0.1461321381052059
../WISEAGN/Spectra/spec-1823-53886-0007.fits,0.06747911851119837
../WISEAGN/Spectra/spec-1357-53034-0433.fits,0.06810478990733647
../WISEAGN/Spectra/spec-1059-52592-0141.fits,0.194019891641735
../WISEAGN/Spectra/spec-1572-53177-0278.fits,0.1532590104459102
../WISEAGN/Spectra/spec-0284-51943-0409.fits,0.19537232101991267
../WISEAGN/Spectra/spec-1440-53084-0488.fits,0.1950417735538436
../WISEAGN/Spectra/spec-2159-54328-0421.fits,0.14354839520053264
../WISEAGN/Spectra/spec-0282-51630-0029.fits,0.07577265457336636
../WISEAGN/Spectra/spec-1767-53436-0528.fits,0.15601559155286934
../WISEAGN/Spectra/spec-7259-56603-0610.fits,4.1459731824307225E-4
../WISEAGN/Spectra/spec-0333-52313-0634.fits,0.19897747238594587
../WISEAGN/Spectra/spec-1414-53135-0409.fits,0.20752308518461107
../WISEAGN/Spectra/spec-0969-52442-0031.fits,0.22123766232076875
../WISEAGN/Spectra/spec-0734-52224-0290.fits,0.15705320564408648
../WISEAGN/Spectra/spec-0776-52319-0208.fits,0.11145697557137939
../WISEAGN/Spectra/spec-2532-54589-0313.fits,0.19979793044218538
../WISEAGN/Spectra/spec-3615-55179-0516.fits,0.45791921804654895
../WISEAGN/Spectra/spec-1187-52708-0517.fits,0.22528491125549588
../WISEAGN/Spectra/spec-1295-52934-0417.fits,0.13831988886625626
../WISEAGN/Spectra/spec-0387-51791-0150.fits,0.08906824514508839
../WISEAGN/Spectra/spec-1878-54474-0270.fits,0.13624278009258506
../WISEAGN/Spectra/spec-0306-51690-0099.fits,0.1312163356107656
../WISEAGN/Spectra/spec-2747-54233-0426.fits,0.16068601785985023
../WISEAGN/Spectra/spec-6467-56270-0817.fits,0.23873855556365553
../WISEAGN/Spectra/spec-0509-52374-0143.fits,0.10143448750031604
../WISEAGN/Spectra/spec-1617-53112-0309.fits,0.1497265550254219
../WISEAGN/Spectra/spec-2953-54560-0620.fits,0.1614662004702494
../WISEAGN/Spectra/spec-0978-52441-0085.fits,0.17838435905444244
../WISEAGN/Spectra/spec-2233-53845-0078.fits,0.1236641486760293
../WISEAGN/Spectra/spec-0968-52412-0304.fits,0.16651901735743793
../WISEAGN/Spectra/spec-1279-52736-0098.fits,0.21874416912527117
../WISEAGN/Spectra/spec-6018-56067-0458.fits,0.35627190413093357
../WISEAGN/Spectra/spec-1631-54469-0470.fits,0.297672492021625
../WISEAGN/Spectra/spec-2617-54502-0561.fits,0.13242951470223108
../WISEAGN/Spectra/spec-8279-57063-0668.fits,0.2202008868245285
../WISEAGN/Spectra/spec-1581-53149-0152.fits,0.20358615288302334
../WISEAGN/Spectra/spec-8055-57187-0810.fits,0.19715723486251088
../WISEAGN/Spectra/spec-0299-51671-0015.fits,0.16677326920835203
../WISEAGN/Spectra/spec-1717-53883-0183.fits,0.09236378983907569
../WISEAGN/Spectra/spec-6388-56309-0232.fits,0.13028736302460311
../WISEAGN/Spectra/spec-2145-54212-0597.fits,0.11127337339938463
../WISEAGN/Spectra/spec-0786-52319-0123.fits,0.09939009508802092
../WISEAGN/Spectra/spec-0903-52400-0129.fits,0.25226256954087267
../WISEAGN/Spectra/spec-1363-53053-0163.fits,0.15201896645154886
../WISEAGN/Spectra/spec-2280-53680-0148.fits,0.16490100768553767
../WISEAGN/Spectra/spec-2593-54175-0045.fits,0.18228165470239294
../WISEAGN/Spectra/spec-1951-53389-0557.fits,0.1484553565126775
../WISEAGN/Spectra/spec-1626-53472-0478.fits,0.07745749781140286
../WISEAGN/Spectra/spec-2149-54509-0219.fits,0.08190420865687019
../WISEAGN/Spectra/spec-2098-53460-0389.fits,0.2211844224529285
../WISEAGN/Spectra/spec-2436-54054-0292.fits,0.457306046695543
../WISEAGN/Spectra/spec-3647-56568-0510.fits,0.4577425787634242
../WISEAGN/Spectra/spec-0412-52250-0472.fits,0.09868651607043649
../WISEAGN/Spectra/spec-2148-54526-0586.fits,0.21034888971237753
../WISEAGN/Spectra/spec-1214-52731-0541.fits,0.20358658060516394
../WISEAGN/Spectra/spec-1158-52668-0021.fits,0.13594083702835555
../WISEAGN/Spectra/spec-1648-53171-0604.fits,0.07758506194521464
../WISEAGN/Spectra/spec-0485-51909-0229.fits,0.19070773154450513
../WISEAGN/Spectra/spec-1040-52722-0426.fits,0.06398946139076384
../WISEAGN/Spectra/spec-0463-51908-0066.fits,0.12465561916507918
../WISEAGN/Spectra/spec-6313-56460-0846.fits,0.44728953206023114
../WISEAGN/Spectra/spec-2524-54568-0146.fits,0.10738474916878607
../WISEAGN/Spectra/spec-7236-56605-0601.fits,0.2037225756010447
../WISEAGN/Spectra/spec-8295-57401-0017.fits,0.13444091672229447
../WISEAGN/Spectra/spec-3615-56544-0536.fits,0.4575387610028446
../WISEAGN/Spectra/spec-0735-52519-0213.fits,0.1209025708257344
../WISEAGN/Spectra/spec-1225-52760-0505.fits,0.2230685158860806
../WISEAGN/Spectra/spec-0535-51999-0244.fits,0.10173987346441954
../WISEAGN/Spectra/spec-0818-52395-0272.fits,0.20167231218687495
../WISEAGN/Spectra/spec-2081-53357-0169.fits,0.3725749277545314
../WISEAGN/Spectra/spec-3647-55241-0514.fits,0.4579128130296079
../WISEAGN/Spectra/spec-1383-53116-0301.fits,0.09837309458929065
../WISEAGN/Spectra/spec-0326-52375-0506.fits,0.10502138709648523
../WISEAGN/Spectra/spec-1406-52876-0034.fits,0.21779986929683376
../WISEAGN/Spectra/spec-5444-56038-0671.fits,0.179744245542103
../WISEAGN/Spectra/spec-0432-51884-0250.fits,0.11664715935741037
../WISEAGN/Spectra/spec-6315-56181-0210.fits,0.2008241179627075
../WISEAGN/Spectra/spec-0616-52374-0349.fits,0.1668942333398078
../WISEAGN/Spectra/spec-0903-52385-0138.fits,0.25226555394032846
../WISEAGN/Spectra/spec-3651-55247-0255.fits,0.5211186852196183
../WISEAGN/Spectra/spec-1158-52668-0425.fits,0.21632390298091078
../WISEAGN/Spectra/spec-1792-54270-0251.fits,0.32443014675132814
../WISEAGN/Spectra/spec-2277-53705-0622.fits,0.123429860855422
../WISEAGN/Spectra/spec-0575-52319-0462.fits,0.22096954598152155
../WISEAGN/Spectra/spec-0355-51788-0549.fits,0.10072095765327535
../WISEAGN/Spectra/spec-0427-51900-0180.fits,0.18931874499714738
../WISEAGN/Spectra/spec-0680-52200-0276.fits,0.15511906560754501
../WISEAGN/Spectra/spec-0331-52368-0466.fits,0.16592694636284985
../WISEAGN/Spectra/spec-3805-55269-0008.fits,0.7111527083725953
../WISEAGN/Spectra/spec-3647-56219-0512.fits,0.45752085663396247
../WISEAGN/Spectra/spec-1572-53177-0111.fits,0.19284015343897606
../WISEAGN/Spectra/spec-0776-52319-0025.fits,0.3552298991389146
../WISEAGN/Spectra/spec-0454-51908-0001.fits,0.20942261233602064
../WISEAGN/Spectra/spec-2791-54556-0387.fits,0.20973890490996128
../WISEAGN/Spectra/spec-5398-56011-0083.fits,0.5788495646507249
../WISEAGN/Spectra/spec-1950-53436-0474.fits,0.021709444340303627
../WISEAGN/Spectra/spec-2768-54265-0369.fits,0.23669022883217108
../WISEAGN/Spectra/spec-0628-52083-0071.fits,0.13163319238875784
../WISEAGN/Spectra/spec-2434-53826-0224.fits,0.18380544858550962
../WISEAGN/Spectra/spec-0759-52254-0163.fits,0.15287228843874492
../WISEAGN/Spectra/spec-6664-56383-0790.fits,0.17113949576046844
../WISEAGN/Spectra/spec-1190-52670-0132.fits,0.11974883962516739
../WISEAGN/Spectra/spec-1877-54464-0252.fits,0.07825171530487991
../WISEAGN/Spectra/spec-0406-51876-0209.fits,0.2899965436654629
../WISEAGN/Spectra/spec-2229-53823-0196.fits,0.16573746094310157
../WISEAGN/Spectra/spec-1162-52668-0415.fits,0.1405880189288228
../WISEAGN/Spectra/spec-2109-53468-0607.fits,0.10138621469543299
../WISEAGN/Spectra/spec-0371-52078-0305.fits,0.16708432998072897
../WISEAGN/Spectra/spec-2173-53874-0342.fits,0.2334021279729942
../WISEAGN/Spectra/spec-0734-52224-0473.fits,0.12267331806196069
../WISEAGN/Spectra/spec-0579-52338-0551.fits,0.11901539041254261
../WISEAGN/Spectra/spec-2156-54525-0081.fits,0.07540560146650196
../WISEAGN/Spectra/spec-0865-52323-0324.fits,0.15230175838278207
../WISEAGN/Spectra/spec-2298-53737-0282.fits,0.22156219651661394
../WISEAGN/Spectra/spec-2084-53360-0363.fits,0.17642980753990123
../WISEAGN/Spectra/spec-0418-51817-0281.fits,0.10095479817695338
../WISEAGN/Spectra/spec-2239-53726-0234.fits,0.22819635535639912
../WISEAGN/Spectra/spec-0598-52316-0254.fits,0.11198438676523874
../WISEAGN/Spectra/spec-1869-53327-0411.fits,0.16762643909719316
../WISEAGN/Spectra/spec-5712-56602-0879.fits,0.438355709258753
../WISEAGN/Spectra/spec-1309-52762-0508.fits,0.1776095723870084
../WISEAGN/Spectra/spec-1050-52721-0204.fits,0.18874033283633754
../WISEAGN/Spectra/spec-0987-52523-0609.fits,0.23522963616050563
../WISEAGN/Spectra/spec-0408-51821-0037.fits,0.2021077356586115
../WISEAGN/Spectra/spec-5189-56074-0747.fits,0.4558214894986429
../WISEAGN/Spectra/spec-0615-52345-0104.fits,0.16032628139925628
../WISEAGN/Spectra/spec-2266-53679-0548.fits,0.2082098790645077
../WISEAGN/Spectra/spec-0755-52235-0597.fits,0.15093077790674733
../WISEAGN/Spectra/spec-0270-51909-0063.fits,0.35914164753919176
../WISEAGN/Spectra/spec-0285-51930-0422.fits,0.07717566300066976
../WISEAGN/Spectra/spec-1698-53146-0201.fits,0.14727448554080605
../WISEAGN/Spectra/spec-6258-56238-0082.fits,0.1838526491043664
../WISEAGN/Spectra/spec-1346-52822-0381.fits,0.16657287653541594
../WISEAGN/Spectra/spec-0429-51820-0495.fits,0.05693553301355298
../WISEAGN/Spectra/spec-1379-53084-0608.fits,0.08191806182534685
../WISEAGN/Spectra/spec-0815-52374-0412.fits,0.18033064575731947
../WISEAGN/Spectra/spec-2641-54230-0284.fits,0.18851163150794426
../WISEAGN/Spectra/spec-0727-52207-0077.fits,0.1801039208074498
../WISEAGN/Spectra/spec-1502-53741-0277.fits,0.2295175161637683
../WISEAGN/Spectra/spec-1300-52973-0618.fits,0.1587906416999133
../WISEAGN/Spectra/spec-0291-51660-0415.fits,0.08372365562056527
../WISEAGN/Spectra/spec-1186-52646-0051.fits,0.06942273208220115
../WISEAGN/Spectra/spec-1743-53054-0181.fits,0.1458303421821447
../WISEAGN/Spectra/spec-2025-53431-0585.fits,0.16786939930163672
../WISEAGN/Spectra/spec-3841-56016-0865.fits,0.5303364543019932
../WISEAGN/Spectra/spec-3647-56596-0520.fits,0.45701641617591965
../WISEAGN/Spectra/spec-5693-56246-0622.fits,0.183776823862168
../WISEAGN/Spectra/spec-0673-52162-0598.fits,0.19297762598447074
../WISEAGN/Spectra/spec-0929-52581-0302.fits,0.08909042547514213
../WISEAGN/Spectra/spec-1777-53857-0555.fits,0.20362175360184304
../WISEAGN/Spectra/spec-2125-53795-0607.fits,0.21138143714647126
../WISEAGN/Spectra/spec-1680-53171-0280.fits,0.16234020757461579
../WISEAGN/Spectra/spec-0962-52620-0407.fits,0.13011969985041474
../WISEAGN/Spectra/spec-2342-53742-0547.fits,0.23538685101055296
../WISEAGN/Spectra/spec-0306-51637-0098.fits,0.1312265558615311
../WISEAGN/Spectra/spec-2037-53446-0099.fits,0.24315472806068342
../WISEAGN/Spectra/spec-0498-51984-0139.fits,0.1459485277816269
../WISEAGN/Spectra/spec-1700-53502-0418.fits,0.08573009869049293
../WISEAGN/Spectra/spec-0436-51883-0009.fits,0.19783090229931863
../WISEAGN/Spectra/spec-1984-53433-0436.fits,0.14714612344828593
../WISEAGN/Spectra/spec-1407-52886-0437.fits,0.16873991631325627
../WISEAGN/Spectra/spec-1279-52736-0579.fits,0.15006287199239648
../WISEAGN/Spectra/spec-2775-54535-0384.fits,0.09057165689519263
../WISEAGN/Spectra/spec-7259-56603-0546.fits,0.1822616645123553
../WISEAGN/Spectra/spec-0615-52345-0066.fits,0.11928503722804856
../WISEAGN/Spectra/spec-1937-53388-0203.fits,0.1804635439826559
../WISEAGN/Spectra/spec-1387-53118-0210.fits,0.06879516637324955
../WISEAGN/Spectra/spec-2214-53794-0383.fits,0.32788753306774276
../WISEAGN/Spectra/spec-3647-55827-0514.fits,0.45733753316647935
../WISEAGN/Spectra/spec-1198-52669-0599.fits,0.1357444959800687
../WISEAGN/Spectra/spec-4205-55454-0796.fits,0.2896294481781364
../WISEAGN/Spectra/spec-0791-52435-0583.fits,0.14362844716337247
../WISEAGN/Spectra/spec-0434-51885-0193.fits,0.21033937993186996
../WISEAGN/Spectra/spec-2529-54585-0127.fits,0.2615082375382139
../WISEAGN/Spectra/spec-0615-52347-0043.fits,0.11923428363062913
../WISEAGN/Spectra/spec-0828-52317-0148.fits,0.14778307571021157
../WISEAGN/Spectra/spec-0507-52353-0181.fits,0.11612895723374014
../WISEAGN/Spectra/spec-0664-52174-0500.fits,0.17846170573902506
../WISEAGN/Spectra/spec-1734-53034-0600.fits,0.10321850925322221
../WISEAGN/Spectra/spec-0475-51965-0439.fits,0.14713316971788734
../WISEAGN/Spectra/spec-2510-53877-0338.fits,0.22186524043675535
../WISEAGN/Spectra/spec-1751-53377-0410.fits,0.22263195839695082
../WISEAGN/Spectra/spec-2488-54149-0292.fits,0.2100987850486853
../WISEAGN/Spectra/spec-0955-52409-0466.fits,0.060390190226462595
../WISEAGN/Spectra/spec-0280-51612-0117.fits,0.2449585768591077
../WISEAGN/Spectra/spec-0334-51993-0130.fits,0.12491432253754281
../WISEAGN/Spectra/spec-0536-52024-0234.fits,0.23272165760822996
../WISEAGN/Spectra/spec-1060-52636-0546.fits,0.31949801735116273
../WISEAGN/Spectra/spec-0342-51691-0598.fits,0.32562535501344125
../WISEAGN/Spectra/spec-0266-51630-0624.fits,0.1101702903741414
../WISEAGN/Spectra/spec-8793-57391-0547.fits,0.1960617442412984
../WISEAGN/Spectra/spec-8503-57519-0435.fits,0.23050375777376247
../WISEAGN/Spectra/spec-0975-52411-0622.fits,0.19450704465393315
../WISEAGN/Spectra/spec-2512-53877-0462.fits,0.16593868926345925
../WISEAGN/Spectra/spec-2423-54149-0610.fits,0.1166873179594126
../WISEAGN/Spectra/spec-0718-52206-0038.fits,0.18090887931735383
../WISEAGN/Spectra/spec-0699-52202-0401.fits,0.18143877708145123
../WISEAGN/Spectra/spec-1729-53858-0457.fits,0.22873000509808056
../WISEAGN/Spectra/spec-2129-54252-0228.fits,0.18744988556342115
../WISEAGN/Spectra/spec-0686-52519-0141.fits,0.2910177388204003
../WISEAGN/Spectra/spec-2596-54207-0094.fits,0.1055286437176641
../WISEAGN/Spectra/spec-0350-51691-0500.fits,0.14558390995617387
../WISEAGN/Spectra/spec-2216-53795-0377.fits,0.11285742314480321
../WISEAGN/Spectra/spec-0295-51585-0596.fits,0.13834512501917054
../WISEAGN/Spectra/spec-0266-51602-0638.fits,0.11021811027825454
../WISEAGN/Spectra/spec-1237-52762-0425.fits,0.08118970456140087
../WISEAGN/Spectra/spec-1377-53050-0542.fits,0.16743144475103236
../WISEAGN/Spectra/spec-2969-54586-0054.fits,0.14987030286723468
../WISEAGN/Spectra/spec-0749-52226-0550.fits,0.08987289454292482
../WISEAGN/Spectra/spec-1217-52672-0302.fits,0.16813781867225894
../WISEAGN/Spectra/spec-1311-52765-0519.fits,0.17408714426614633
../WISEAGN/Spectra/spec-0719-52203-0555.fits,0.1571584136417239
../WISEAGN/Spectra/spec-0517-52024-0572.fits,0.16492343812646643
../WISEAGN/Spectra/spec-0856-52339-0030.fits,0.1949296238041296
../WISEAGN/Spectra/spec-1223-52781-0156.fits,0.1236531291038447
../WISEAGN/Spectra/spec-5043-56187-0287.fits,0.18544886422983822
../WISEAGN/Spectra/spec-4971-55747-0092.fits,0.2806464460542887
../WISEAGN/Spectra/spec-0860-52319-0521.fits,0.1090121914965311
../WISEAGN/Spectra/spec-1953-53358-0375.fits,0.23479879717964064
../WISEAGN/Spectra/spec-1164-52674-0306.fits,0.20665152343041415
../WISEAGN/Spectra/spec-7449-56740-0333.fits,0.16766295128430633
../WISEAGN/Spectra/spec-0315-51663-0584.fits,0.14977705395988325
../WISEAGN/Spectra/spec-0726-52207-0396.fits,0.19016608064157245
../WISEAGN/Spectra/spec-4685-55657-0665.fits,0.46286941091637257
../WISEAGN/Spectra/spec-2228-53818-0103.fits,0.14413381722786162
../WISEAGN/Spectra/spec-0873-52347-0351.fits,0.2226771662217146
../WISEAGN/Spectra/spec-4721-55709-0823.fits,0.44145131310930924
../WISEAGN/Spectra/spec-6826-56449-0985.fits,0.15476803288637261
../WISEAGN/Spectra/spec-0627-52144-0253.fits,0.16532043742516422
../WISEAGN/Spectra/spec-1876-54464-0252.fits,0.16736582256375038
../WISEAGN/Spectra/spec-3963-55659-0801.fits,0.4418970142764907
../WISEAGN/Spectra/spec-0300-51666-0559.fits,0.2006232815519265
../WISEAGN/Spectra/spec-1187-52708-0390.fits,0.17213132545957432
../WISEAGN/Spectra/spec-1925-53327-0101.fits,0.11357690451388944
../WISEAGN/Spectra/spec-0510-52381-0635.fits,0.020607332636069252
../WISEAGN/Spectra/spec-1648-53171-0284.fits,0.2471650983696891
../WISEAGN/Spectra/spec-0856-52339-0160.fits,0.12518291236098542
../WISEAGN/Spectra/spec-1059-52618-0553.fits,0.1219241024029812
../WISEAGN/Spectra/spec-0820-52405-0300.fits,0.14428401583940303
../WISEAGN/Spectra/spec-1782-53383-0625.fits,0.05521257460161878
../WISEAGN/Spectra/spec-0814-52355-0444.fits,0.1536408970999518
../WISEAGN/Spectra/spec-0764-52238-0056.fits,0.11643243754563647
../WISEAGN/Spectra/spec-1015-52709-0616.fits,0.196827162215643
../WISEAGN/Spectra/spec-2119-53792-0456.fits,0.12504557384922602
../WISEAGN/Spectra/spec-2242-54153-0381.fits,0.159811594335131
../WISEAGN/Spectra/spec-1015-52734-0619.fits,0.19681439908082055
../WISEAGN/Spectra/spec-1044-52468-0406.fits,0.08358507479225438
../WISEAGN/Spectra/spec-3647-55945-0552.fits,0.45799269596969816
../WISEAGN/Spectra/spec-2482-54175-0202.fits,0.1328199839888514
../WISEAGN/Spectra/spec-0362-51999-0281.fits,0.2303151986623071
../WISEAGN/Spectra/spec-1231-52725-0573.fits,0.24872377572281154
../WISEAGN/Spectra/spec-0496-51973-0401.fits,0.2078802247693064
../WISEAGN/Spectra/spec-1766-53468-0487.fits,0.11787871825063102
../WISEAGN/Spectra/spec-0661-52163-0103.fits,0.1517909488991865
../WISEAGN/Spectra/spec-2643-54208-0434.fits,0.40879991644146757
../WISEAGN/Spectra/spec-1994-53845-0271.fits,0.2635184738825587
../WISEAGN/Spectra/spec-1792-54270-0578.fits,0.09341485193913737
../WISEAGN/Spectra/spec-0998-52750-0227.fits,0.18212059223231855
../WISEAGN/Spectra/spec-5109-55892-0915.fits,0.1878863042938826
../WISEAGN/Spectra/spec-1448-53120-0384.fits,0.17213510755513822
../WISEAGN/Spectra/spec-0784-52327-0419.fits,0.10542959329501621
../WISEAGN/Spectra/spec-0406-51869-0202.fits,0.28998206274823124
../WISEAGN/Spectra/spec-6389-56270-0148.fits,0.20556660659307308
../WISEAGN/Spectra/spec-0398-51789-0594.fits,0.1810688631206211
../WISEAGN/Spectra/spec-0581-52353-0210.fits,0.24258996806595806
../WISEAGN/Spectra/spec-4200-55499-0998.fits,0.29375006500740536
../WISEAGN/Spectra/spec-1373-53063-0218.fits,0.029992987793841026
../WISEAGN/Spectra/spec-1624-53386-0092.fits,0.19035336368785633
../WISEAGN/Spectra/spec-1608-53138-0134.fits,0.1209283049270147
../WISEAGN/Spectra/spec-0638-52081-0459.fits,0.20157264360893165
../WISEAGN/Spectra/spec-0725-52258-0216.fits,0.11037928497277136
../WISEAGN/Spectra/spec-4729-55626-0445.fits,0.5295308757011088
../WISEAGN/Spectra/spec-1400-53470-0485.fits,0.19539636253806686
../WISEAGN/Spectra/spec-0328-52282-0050.fits,0.20676139739681143
../WISEAGN/Spectra/spec-1323-52797-0131.fits,0.12416725788025997
../WISEAGN/Spectra/spec-1699-53148-0141.fits,0.5594436473088462
../WISEAGN/Spectra/spec-0532-51993-0351.fits,0.1799276752308288
../WISEAGN/Spectra/spec-4320-55894-0272.fits,0.17512746319713063
../WISEAGN/Spectra/spec-1399-53172-0299.fits,0.032862502468622955
../WISEAGN/Spectra/spec-6204-56220-0906.fits,0.10148773050020077
../WISEAGN/Spectra/spec-0754-52232-0093.fits,0.19479295179719128
../WISEAGN/Spectra/spec-0570-52266-0515.fits,0.1564243367647293
../WISEAGN/Spectra/spec-0725-52258-0456.fits,0.21859778379625835
../WISEAGN/Spectra/spec-2607-54184-0084.fits,0.2256423571003728
../WISEAGN/Spectra/spec-1717-53883-0493.fits,0.19735030634536863
../WISEAGN/Spectra/spec-1381-53089-0371.fits,0.13633739222912244
../WISEAGN/Spectra/spec-0412-51936-0470.fits,0.09867663385776257
../WISEAGN/Spectra/spec-2358-53797-0231.fits,0.21855295163267832
../WISEAGN/Spectra/spec-3657-55244-0081.fits,0.23702630781680015
../WISEAGN/Spectra/spec-2497-54154-0536.fits,0.19335862317856484
../WISEAGN/Spectra/spec-1736-53052-0608.fits,0.13032140262588082
../WISEAGN/Spectra/spec-0998-52750-0323.fits,0.23721452722218966
../WISEAGN/Spectra/spec-0400-51820-0225.fits,0.09587415920229472
../WISEAGN/Spectra/spec-0487-51943-0445.fits,0.18041337921648673
../WISEAGN/Spectra/spec-2880-54509-0151.fits,0.07712151440397205
../WISEAGN/Spectra/spec-1354-52814-0044.fits,0.09147511488940926
../WISEAGN/Spectra/spec-1927-53321-0480.fits,0.16941026360675263
../WISEAGN/Spectra/spec-0638-52081-0040.fits,0.11458360804038659
../WISEAGN/Spectra/spec-2362-53759-0251.fits,0.1496952991934321
../WISEAGN/Spectra/spec-1828-53504-0617.fits,0.15117977179838765
../WISEAGN/Spectra/spec-0721-52228-0375.fits,0.10496890191072737
../WISEAGN/Spectra/spec-0841-52375-0208.fits,0.09515452189719648
../WISEAGN/Spectra/spec-1924-53330-0275.fits,0.1232373522556239
../WISEAGN/Spectra/spec-1434-53053-0063.fits,0.13762888131032827
../WISEAGN/Spectra/spec-0454-51908-0618.fits,0.2951279899998759
../WISEAGN/Spectra/spec-1606-53055-0092.fits,0.19810553486259286
../WISEAGN/Spectra/spec-6376-56269-0026.fits,0.19774533211610185
../WISEAGN/Spectra/spec-0898-52606-0454.fits,0.17184296034615065
../WISEAGN/Spectra/spec-1808-54176-0280.fits,0.13518790767573352
../WISEAGN/Spectra/spec-2744-54272-0527.fits,0.13126522452943598
../WISEAGN/Spectra/spec-1571-53174-0232.fits,0.18037150162463794
../WISEAGN/Spectra/spec-1752-53379-0506.fits,0.12145962914795008
../WISEAGN/Spectra/spec-2278-53711-0567.fits,0.20762548345782192
../WISEAGN/Spectra/spec-0412-51931-0469.fits,0.09866499898948329
../WISEAGN/Spectra/spec-2134-53876-0268.fits,0.2625833874472219
../WISEAGN/Spectra/spec-3791-55501-0370.fits,0.4299246667913939
../WISEAGN/Spectra/spec-0492-51955-0150.fits,0.1306262531727633
../WISEAGN/Spectra/spec-8055-57187-0869.fits,0.11906049249906056
../WISEAGN/Spectra/spec-0923-52404-0431.fits,0.2073086659136489
../WISEAGN/Spectra/spec-0691-52199-0059.fits,0.14764071463338754
../WISEAGN/Spectra/spec-0406-51900-0206.fits,0.29001526609351413
../WISEAGN/Spectra/spec-1826-53499-0197.fits,0.15183424236883988
../WISEAGN/Spectra/spec-1879-54478-0446.fits,0.14640940643831452
../WISEAGN/Spectra/spec-0570-52266-0236.fits,0.29102546736576845
../WISEAGN/Spectra/spec-1375-53084-0414.fits,0.07692562664834236
../WISEAGN/Spectra/spec-1041-52724-0399.fits,0.1218809028226792
../WISEAGN/Spectra/spec-0906-52368-0364.fits,0.14648481860495308
../WISEAGN/Spectra/spec-1268-52933-0318.fits,0.12608414703181878
../WISEAGN/Spectra/spec-0326-52375-0096.fits,0.07453369294164523
../WISEAGN/Spectra/spec-2519-54570-0436.fits,0.16447584893001818
../WISEAGN/Spectra/spec-0428-51883-0434.fits,0.1289657112306696
../WISEAGN/Spectra/spec-0890-52583-0422.fits,0.21525552207781312
../WISEAGN/Spectra/spec-0946-52407-0165.fits,0.125948565277059
../WISEAGN/Spectra/spec-2114-53848-0345.fits,0.05404524882602404
../WISEAGN/Spectra/spec-0678-52884-0031.fits,0.1207375667389906
../WISEAGN/Spectra/spec-2278-53711-0372.fits,0.1949571979684319
../WISEAGN/Spectra/spec-2498-54169-0281.fits,0.18912256528963184
../WISEAGN/Spectra/spec-2507-53876-0636.fits,0.21516861842646712
../WISEAGN/Spectra/spec-1207-52672-0214.fits,0.07766743997175961
../WISEAGN/Spectra/spec-1617-53112-0093.fits,0.0920276756406331
../WISEAGN/Spectra/spec-0427-51900-0148.fits,0.20744251730975072
../WISEAGN/Spectra/spec-1270-52991-0476.fits,0.387335844005682
../WISEAGN/Spectra/spec-1398-53146-0016.fits,0.22817368773831875
../WISEAGN/Spectra/spec-1443-53055-0222.fits,0.2044341178221785
../WISEAGN/Spectra/spec-0815-52374-0356.fits,0.18665400284123848
../WISEAGN/Spectra/spec-0846-52407-0217.fits,0.07165206510518553
../WISEAGN/Spectra/spec-0548-51986-0255.fits,0.26440589058771735
../WISEAGN/Spectra/spec-1771-53498-0185.fits,0.08475147371501347
../WISEAGN/Spectra/spec-0604-52079-0057.fits,0.12678302890667015
../WISEAGN/Spectra/spec-0548-51986-0208.fits,0.22027602595982526
../WISEAGN/Spectra/spec-1221-52751-0437.fits,0.16837689687856353
../WISEAGN/Spectra/spec-1059-52618-0141.fits,0.19407247981207157
../WISEAGN/Spectra/spec-1997-53442-0438.fits,0.15822159054760446
../WISEAGN/Spectra/spec-5328-55982-0995.fits,0.4883160786638442
../WISEAGN/Spectra/spec-0699-52202-0584.fits,0.27994978559890377
../WISEAGN/Spectra/spec-1325-52762-0638.fits,0.20924858070896996
../WISEAGN/Spectra/spec-2482-54175-0073.fits,0.11276660769611088
../WISEAGN/Spectra/spec-1064-52577-0097.fits,0.23842343815097375
../WISEAGN/Spectra/spec-1681-53172-0430.fits,0.159797841103339
../WISEAGN/Spectra/spec-1689-53177-0235.fits,0.18151383203608273
../WISEAGN/Spectra/spec-1576-53496-0100.fits,0.13793077771499304
../WISEAGN/Spectra/spec-0282-51658-0030.fits,0.0757447254530404
../WISEAGN/Spectra/spec-0509-52374-0358.fits,0.10533933737562604
../WISEAGN/Spectra/spec-2349-53734-0594.fits,0.22565259059959092
../WISEAGN/Spectra/spec-5381-56009-0881.fits,0.22669099463884312
../WISEAGN/Spectra/spec-1322-52791-0601.fits,0.1639412860445633
../WISEAGN/Spectra/spec-1376-53089-0078.fits,0.1965910520361353
../WISEAGN/Spectra/spec-3615-55208-0514.fits,0.45737421612790363
../WISEAGN/Spectra/spec-1391-52817-0152.fits,0.19146699294496908
../WISEAGN/Spectra/spec-3879-55244-0981.fits,0.44110518875397897
../WISEAGN/Spectra/spec-4805-55715-0621.fits,0.3823242681004379
../WISEAGN/Spectra/spec-0552-51992-0120.fits,0.1300678029513614
../WISEAGN/Spectra/spec-2599-54234-0195.fits,0.0896247486368565
../WISEAGN/Spectra/spec-0331-52368-0617.fits,0.08365198137432231
../WISEAGN/Spectra/spec-1367-53083-0134.fits,0.0855102136038351
../WISEAGN/Spectra/spec-0373-51788-0332.fits,0.28991584764938144
../WISEAGN/Spectra/spec-4240-55455-0133.fits,0.5211027236399626
../WISEAGN/Spectra/spec-2275-53709-0634.fits,0.11630592068658943
../WISEAGN/Spectra/spec-0958-52410-0014.fits,0.06404122585069028
../WISEAGN/Spectra/spec-0583-52055-0328.fits,0.3222495314929454
../WISEAGN/Spectra/spec-2954-54561-0296.fits,0.12853267798972598
../WISEAGN/Spectra/spec-6983-56447-0612.fits,0.2807205358201735
../WISEAGN/Spectra/spec-0445-51873-0296.fits,0.17418219599897078
../WISEAGN/Spectra/spec-0960-52466-0257.fits,0.13810088078042917
../WISEAGN/Spectra/spec-0873-52347-0578.fits,0.023372030157978126
../WISEAGN/Spectra/spec-0640-52178-0063.fits,0.1839218248376769
../WISEAGN/Spectra/spec-0691-52199-0454.fits,0.20119607950425394
../WISEAGN/Spectra/spec-1935-53387-0581.fits,0.11002983810772637
../WISEAGN/Spectra/spec-1765-53466-0368.fits,0.416024581711627
../WISEAGN/Spectra/spec-0692-52201-0548.fits,0.48426242015107973
../WISEAGN/Spectra/spec-5768-56017-0521.fits,0.7966809654788257
../WISEAGN/Spectra/spec-4867-55924-0333.fits,0.5754066433501733
../WISEAGN/Spectra/spec-6404-56330-0797.fits,0.5066453964489818
../WISEAGN/Spectra/spec-5865-56067-0689.fits,0.6171483418276089
../WISEAGN/Spectra/spec-1380-53084-0032.fits,0.7594734317953986
../WISEAGN/Spectra/spec-2292-53713-0391.fits,0.6625966890606283
../WISEAGN/Spectra/spec-1307-52999-0058.fits,0.4184792660115859
../WISEAGN/Spectra/spec-4051-55337-0589.fits,0.5935696556816233
../WISEAGN/Spectra/spec-0793-52370-0051.fits,0.5601051943206535
../WISEAGN/Spectra/spec-5769-56246-0987.fits,0.7971193576323098
